Filename,URL
1.png,https://i.ibb.co/xSGqKQwC/1.png
2.png,https://i.ibb.co/sdS9qSVk/2.png
3.png,https://i.ibb.co/Z6509PDz/3.png
4.png,https://i.ibb.co/LdMSMLhG/4.png
5.png,https://i.ibb.co/ks8TwsL6/5.png
6.png,https://i.ibb.co/6c35tNPK/6.png
7.png,https://i.ibb.co/8DpXt510/7.png
8.png,https://i.ibb.co/W4pJ2Vkq/8.png
9.png,https://i.ibb.co/0RRbG5jq/9.png
10.png,https://i.ibb.co/hRHwmpnZ/10.png
11.png,https://i.ibb.co/N2mqqnpm/11.png
12.png,https://i.ibb.co/rRr91Cj7/12.png
13.png,https://i.ibb.co/JF2bT3fm/13.png
14.png,https://i.ibb.co/Fbg8xy6W/14.png
15.png,https://i.ibb.co/DHxFmtVR/15.png
16.png,https://i.ibb.co/5Z7tW68/16.png
17.png,https://i.ibb.co/3m0w7nw9/17.png
18.png,https://i.ibb.co/Ps3H8Bb0/18.png
19.png,https://i.ibb.co/Y7KLG3Gk/19.png
20.png,https://i.ibb.co/HLfVqTKn/20.png
21.png,https://i.ibb.co/ksq2Fwz8/21.png
22.png,https://i.ibb.co/BHmnZDY6/22.png
23.png,https://i.ibb.co/p6N19SX3/23.png
24.png,https://i.ibb.co/hJM9YR47/24.png
25.png,https://i.ibb.co/hxmxdvYQ/25.png
26.png,https://i.ibb.co/dwgdtqNB/26.png
27.png,https://i.ibb.co/whktqKtN/27.png
28.png,https://i.ibb.co/v412Q6NN/28.png
29.png,https://i.ibb.co/hJMJRy9N/29.png
30.png,https://i.ibb.co/v6d8b6J6/30.png
31.png,https://i.ibb.co/JFt0ktm9/31.png
32.png,https://i.ibb.co/RTYqBxXz/32.png
33.png,https://i.ibb.co/sd91jb4X/33.png
34.png,https://i.ibb.co/BHNHBShD/34.png
35.png,https://i.ibb.co/cqyQYkr/35.png
36.png,https://i.ibb.co/JwfVb4QL/36.png
37.png,https://i.ibb.co/VY0y6xkQ/37.png
38.png,https://i.ibb.co/7dbqR7Br/38.png
39.png,https://i.ibb.co/7dB1BwGC/39.png
40.png,https://i.ibb.co/yBG3rqPh/40.png
41.png,https://i.ibb.co/jPk6wbqF/41.png
42.png,https://i.ibb.co/hxqRCBgq/42.png
43.png,https://i.ibb.co/Yn8nhXv/43.png
44.png,https://i.ibb.co/hR9J85DD/44.png
45.png,https://i.ibb.co/kTWfSxm/45.png
46.png,https://i.ibb.co/rG40zZCm/46.png
47.png,https://i.ibb.co/39Sj0NYx/47.png
48.png,https://i.ibb.co/M5ghKTnF/48.png
49.png,https://i.ibb.co/d0g3BQkW/49.png
50.png,https://i.ibb.co/1fB3CLtd/50.png
51.png,https://i.ibb.co/VWkdFZmr/51.png
52.png,https://i.ibb.co/wF5qckdc/52.png
53.png,https://i.ibb.co/cpyFsSL/53.png
54.png,https://i.ibb.co/YTJHQvpP/54.png
55.png,https://i.ibb.co/bnZbBrT/55.png
56.png,https://i.ibb.co/nMzLPxD0/56.png
57.png,https://i.ibb.co/bRgZpVXF/57.png
58.png,https://i.ibb.co/yBc11dJX/58.png
59.png,https://i.ibb.co/672s58X6/59.png
